{"stats":{"minecraft:picked_up":{"minecraft:bundle":1,"minecraft:bone":3,"minecraft:arrow":4,"minecraft:rotten_flesh":1,"galosphere:silver_upgrade_smithing_template":2,"minecraft:beetroot_seeds":3,"minecraft:wheat_seeds":3,"minecraft:torch":11,"minecraft:enchanted_book":1,"minecraft:iron_ingot":2,"farmersdelight:tomato_seeds":2,"farmersdelight:rope":2,"sophisticatedbackpacks:iron_backpack":1,"minecraft:rail":6},"minecraft:custom":{"minecraft:time_since_rest":13480,"minecraft:damage_taken":50,"minecraft:play_time":13480,"minecraft:interact_with_furnace":1,"minecraft:sprint_one_cm":7446,"tombstone:undead_killed":5,"minecraft:walk_one_cm":14635,"minecraft:sneak_time":50,"minecraft:mob_kills":6,"minecraft:jump":144,"minecraft:damage_dealt":590,"minecraft:leave_game":1,"minecraft:time_since_death":13480,"minecraft:total_world_time":13480,"minecraft:fall_one_cm":685,"minecraft:fly_one_cm":88238},"minecraft:mined":{"minecraft:grass_block":1},"minecraft:killed":{"minecraft:skeleton":4,"minecraft:zombie":1,"minecraft:enderman":1},"minecraft:used":{"cataclysm:infernal_forge":3,"scuba_gear:scuba_boots":1,"scuba_gear:scuba_helmet":1,"cataclysm:void_forge":2,"minecraft:end_crystal":4,"mcwwindows:spruce_plank_window2":2,"ironfurnaces:heater":2,"justhammers:diamond_reinforced_hammer":2,"minecraft:obsidian":119,"scuba_gear:scuba_chestplate":1,"ironfurnaces:million_furnace":1,"aquaculture:neptunium_fishing_rod":15}},"DataVersion":3465}