{"stats":{"minecraft:picked_up":{"minecraft:iron_ingot":2,"minecraft:enchanted_book":1,"farmersdelight:rope":2,"farmersdelight:tomato_seeds":2,"sophisticatedbackpacks:iron_backpack":1,"galosphere:silver_upgrade_smithing_template":2,"minecraft:beetroot_seeds":3,"minecraft:torch":11,"minecraft:rail":6},"minecraft:custom":{"minecraft:jump":3,"minecraft:time_since_rest":3420,"minecraft:sprint_one_cm":181,"minecraft:play_time":3420,"minecraft:time_since_death":3420,"minecraft:walk_one_cm":547,"minecraft:sneak_time":50,"minecraft:total_world_time":3420,"minecraft:fall_one_cm":209,"minecraft:fly_one_cm":14501},"minecraft:used":{"scuba_gear:scuba_boots":1,"scuba_gear:scuba_helmet":1,"scuba_gear:scuba_chestplate":1}},"DataVersion":3465}